review,comment_idx,unit_position,detected_principles,cae_label,text,stage1_reasoning,stage3_reasoning
Borderline (principle),1,1,Minimum Trust and Maximum Trustworthiness,Claim,"If this token is valid only for a short time and/or a one-time token which does not work for repeated logins than there is not much of the risk, since the token cannot be misused even if it ends up in logs or similar.","This text describes a design property (short-lived or one-time tokens) and argues that it reduces the risk of token misuse, implying that this design choice improves security outcomes. The text makes a normative claim that this design property (limited token lifetime) is the reason for the improved security.","The core argument is that the token's limited validity and one-time use reduce the risk of misuse, even if it's logged or exposed. This implies that the trust assumption is that the token will not be misused, and the security strategy is to limit the trust placed in the token by verifying its validity and limiting its use. This maps to the principle of Minimum Trust and Maximum Trustworthiness."
Correct,13,3,Generating Secrets,Claim,"Using a general-purpose hash algorithm instead of a specialized password hashing function like Argon2 is a very bad idea, because it makes the hash highly susceptible to brute-force attacks.",This text argues that using a specialized password hashing function like Argon2 is better than using a general-purpose hash algorithm because it reduces the susceptibility to brute-force attacks. This is a normative claim that a specific design property (using a specialized password hashing function) causes better security outcomes.,"The text argues that using a general-purpose hash algorithm makes the hash susceptible to brute-force attacks, implying that the quality of secret generation (in this case, the strength of the hash) affects the security outcome. The text connects the quality of secret generation to the security outcome, as a weaker hash makes it easier for attackers to guess or brute-force the password."
Correct,13,12,Minimum Trust and Maximum Trustworthiness,Claim,"Ideally, this would happen outside of the browser or at least not with JavaScript, because a malicious or compromised server could easily sabotage any JavaScript-based encryption procedure, and there's no realistic way for a user to recognize and prevent this.",This text makes a normative claim that performing encryption outside of the browser or without JavaScript leads to better security outcomes because it reduces the risk of a malicious or compromised server sabotaging the encryption procedure. The argument is based on the design property of minimizing trust in a potentially compromised component (the server) and reducing the attack surface.,"The core argument is that trusting a JavaScript-based encryption procedure without verification is a problem because a malicious or compromised server could sabotage it, and there's no way for the user to recognize and prevent this. This maps to the principle that trusting without verification is the vulnerability, which is the definition of Minimum Trust and Maximum Trustworthiness."
Correct (borderline),13,19,Minimum Exposure,Claim,"This should achieve all your goals while being both more secure and simpler:

The server (or any attacker who has compromised the server) never sees any hash based on the password.","The text implies that the design property of not allowing the server (or an attacker) to see any hash based on the password leads to better security outcomes, specifically increased security. This is a normative claim that a specific design property (in this case, isolation or compartmentalisation of sensitive information) causes better security outcomes.","The unit of analysis in this text is the external surface, as it focuses on what an attacker can see or access from outside (the server or an attacker who has compromised the server). This maps to Minimum Exposure, as it aims to reduce the external attack surface by ensuring that the server (or an attacker) never sees any hash based on the password. It does not fit compartmentalisation, as it does not involve isolating groups of resources, nor Least Privilege, as it does not restrict an individual subject's permissions."
Error,19,2,Minimum Trust and Maximum Trustworthiness,Claim,Instead of choosing a random number for protection which is independent from the payload you need to derive the protection from the payload in order to detect modifications to the payload.,"This text argues that deriving the protection from the payload is better than choosing a random number because it allows for detection of modifications to the payload. This implies that the design property of ""deriving protection from the payload"" is the reason for improved security outcomes, specifically integrity and authenticity. This is a normative design argument.","The core argument is that deriving the protection from the payload is necessary to detect modifications, implying that trusting the protection without verifying its relation to the payload is the problem. This maps to the principle that trusting without verification is the vulnerability."
Correct,21,8,Minimum Trust and Maximum Trustworthiness,Claim,"Only you know whether it can be a real use case...

social
The security of a system cannot be higher than the security level of any people having administrative privileges, or physical access to it.",This text makes a normative claim that the security of a system is limited by the security level of individuals with administrative privileges or physical access. This implies that a design property of minimizing access and privileges (Least Privilege principle) is essential to achieving better security outcomes.,"The core argument is that the security of a system is only as good as the trustworthiness of the people with administrative privileges or physical access. This is a trust assumption, as it highlights the risk of relying on the behavior of individuals without verifying their actions. This maps to the principle of Minimum Trust and Maximum Trustworthiness, as it emphasizes the importance of minimizing trust in components (in this case, people) and maximizing trustworthiness through verification."
Error,24,10,Minimum Trust and Maximum Trustworthiness,Claim,"If the server follows the standard and demands A before revealing B, there's no way for the attacker to craft their A based on knowledge of B.","This text implies that the design property of demanding A before revealing B (a form of compartmentalisation or separation of concerns) is the reason why the attacker cannot craft their A based on knowledge of B, which leads to better security outcomes. The text makes a normative claim that this design choice improves security.","The core argument is that the server's demand for A before revealing B prevents the attacker from crafting A based on knowledge of B, which implies that the server is not trusting the attacker without verification. This maps to the principle of Minimum Trust, as it highlights the importance of verifying the input (A) before providing access to the sensitive information (B)."
Borderline (principle),36,10,Minimum Trust and Maximum Trustworthiness,Claim,"You should always use HTTPS, even when it is not ""required""
Honestly, you really should encrypt every single website in its entirety with HTTPS because the end user only needs to arrive on one HTTP page for an MITM to alter some links and ship your user off to their Evil Twin version of your website.","The text argues that using HTTPS for every website is necessary to prevent MITM attacks, implying that encryption (a design property) is essential for security. The text makes a normative claim that using HTTPS leads to better security outcomes by preventing attacks.","The core argument is that trusting a website to be secure without encrypting every page with HTTPS is a trust assumption that can be exploited by an MITM attack. This maps to the principle of Minimum Trust, as it highlights the vulnerability of trusting a component (in this case, the website) without verification (HTTPS encryption)."
Correct,45,4,Minimum Trust and Maximum Trustworthiness,Claim,"If you encrypt data in the browser before you send it, and then store that data in the database without ever decrypting it first, it will prevent the webserver from ever having the opportunity to see an unencrypted version of your data no matter how badly compromised the server is.","This text makes a normative claim that encrypting data in the browser and storing it encrypted in the database improves security by preventing the web server from accessing unencrypted data, even if the server is compromised. The argument is that this design property (encrypting data before storage) leads to a specific security outcome (preventing unauthorized access to sensitive data).","The core argument is that by encrypting data in the browser and storing it encrypted in the database, the web server is never trusted to handle unencrypted data, which prevents a potential security risk. This is a trust assumption about the web server's behavior, and the text argues that minimizing this trust is essential. This maps to the principle of Minimum Trust and Maximum Trustworthiness."
Correct,45,10,Minimum Exposure,Claim,"This way, even if the hacker fully reverse engineers your system and tracks every byte of data coming and going from your web-server, he does not have what he needs to read your database.","This text implies that the design property of compartmentalisation or segregation of sensitive data (in this case, the database) is the reason why the system is more secure. The text argues that even with full knowledge of the system and data flow, the hacker cannot access the database, which suggests that the separation of the database from the web-server is the key to security.","The unit of analysis in this text is the external attack surface, as it discusses what an attacker can see and access from outside the system. This maps to Minimum Exposure, as the text argues that even with full knowledge of the system, the attacker is still limited in what they can access. This does not fit Compartmentalisation, as there is no mention of isolating groups of resources, and it does not fit Least Privilege, as there is no mention of restricting an individual subject's permissions."
Correct,45,11,Compartmentalisation,Claim,"Inversely, if the key server ever becomes compromised, there is no web application or database on that network to decrypt with it.","This text implies that the design choice of isolating the key server from the web application and database network reduces the attack surface in case of a compromise, thereby improving security. The text makes a normative claim that this design property (isolation/compartmentalisation) leads to better security outcomes.","The unit of analysis in this text is a group of resources (the key server, web application, and database on the same network). The text argues that if the key server is compromised, it cannot decrypt the web application or database because they are isolated from each other. This maps to Compartmentalisation because it is isolating groups of resources to contain a breach. It does not fit Minimum Exposure because it is not reducing the external attack surface, and it does not fit Least Privilege because it is not restricting an individual subject's permissions."
Correct,49,5,Open Design,Claim,"If the security of the generator does depend on keeping the algorithm secret, that's a very bad sign and indeed a violation of Kerckhoffs's principle.","This text makes a normative claim that keeping the algorithm secret is a bad design choice, and that violating Kerckhoffs's principle (which states that a secure system should be secure even if the algorithm is publicly known) leads to poor security outcomes. This is a design-level argument that connects a specific design property (open design) to a security outcome (better security).","The argument is about whether the mechanism relies on secrecy, specifically stating that if the security of the generator depends on keeping the algorithm secret, it's a bad sign and a violation of Kerckhoffs's principle. This indicates that the text is concerned with the reliance on secrecy as a vulnerability."
Correct,53,9,Minimum Exposure,Evidence,"The main advantage of this whole ordeal would be that it gives a limited variation from a single password, so when requested by phone, you are not to reveal your whole password, and certain malware (such as certain keyloggers) might only obtain the answer for one of the many challenges.","This text describes a specific design property, namely the use of a limited variation of a single password, and argues that it provides better security outcomes by limiting the damage in case of a malware attack or password revelation. The text makes a normative claim that this design property (limited variation of a single password) leads to better security outcomes.","The unit of analysis in this text is the password, which is divided into smaller parts (challenges) to limit the exposure of the entire password. This maps to Minimum Exposure because the text argues that by only revealing a limited part of the password, the attack surface is reduced, making it harder for malware to obtain the entire password. This does not fit Compartmentalisation because it's not about isolating groups of resources, and it doesn't fit Least Privilege because it's not about restricting an individual subject's permissions."
Error,55,0,Minimum Trust and Maximum Trustworthiness,Claim,"If the username doesn't contain any sensitive information by itself, there's no reason to keep it secret.","This text implies that not keeping the username secret is a good design choice because it doesn't contain sensitive information. This is a normative claim that a specific design property (minimum exposure) leads to better security outcomes. The text argues that there's no reason to keep the username secret, implying that secrecy is not necessary for security.","The core argument is that there's no need to keep the username secret if it doesn't contain sensitive information, implying that we can trust the username component without verification. This maps to the principle of Minimum Trust, as it highlights the problem of trusting a component (the username) without verifying its behavior or contents."
Correct,55,6,Compartmentalisation,Claim,"Another benefit is that the webserver doesn't have to share the password with the application, which reduces the risk of leaking it.","This text implies a normative claim that reducing the sharing of sensitive information (in this case, the password) leads to better security outcomes, specifically reducing the risk of leaking it. This is a design-level argument, as it suggests that a specific design property (separation of concerns, or compartmentalisation) improves security.","The unit of analysis in this text is the sharing of a password between the webserver and the application, which is a specific resource (the password) being isolated from another resource (the application). This maps to Compartmentalisation because it's about isolating groups of resources (the webserver and the application) to contain the breach of the password. It doesn't fit Minimum Exposure because the focus is not on reducing the external attack surface, and it doesn't fit Least Privilege because the focus is not on restricting an individual subject's permissions."
Correct,59,0,Compartmentalisation,Claim,"In addition to the centralization and lock down benefits mentioned by @vidarlo, secret stores offer some other advantages:

They allow separation of the actual secret from the credentials, plus additional access controls, such that an attacker who gains the credentials can't actually use them.","This text makes a normative claim that the design property of separation of secrets from credentials, along with additional access controls, leads to better security outcomes by preventing an attacker who gains credentials from using them. This is a design-level argument that connects a specific design property (separation and access controls) to a security outcome (reduced risk of credential misuse).","The unit of analysis in this text is the separation of the actual secret from the credentials, which is a separation of two specific components within a system. This maps to Compartmentalisation because it is isolating a group of resources (the secret and credentials) to contain a potential breach. It does not fit Minimum Exposure because the focus is not on reducing the external attack surface, and it does not fit Least Privilege because the focus is not on restricting an individual subject's permissions."
Correct,59,15,NONE,Claim,"Ideally, private keys never leave the hardware they're generated on, certainly not in plain text; at most one instance of the private key ever exists.","This text makes a normative claim that a specific design property (not allowing private keys to leave the hardware they're generated on and limiting the number of instances) leads to better security outcomes. The text argues that this design choice is ideal for security reasons, implying that it reduces the risk of key exposure or unauthorized access.","This text does not argue that the quality of secret generation (randomness, entropy, unpredictability) is the security benefit. Instead, it focuses on the secure management and storage of private keys, emphasizing that they should not be shared or exposed in plain text."
Correct (borderline),59,16,Minimum Trust and Maximum Trustworthiness,Claim,"Obviously that key can be used directly to provide security functionality; for example, maybe the credential to access the DB is a JWT signed with a private key known only to the vault; now the DB doesn't even need access to the vault (it can verify the signature using the public key), and an attacker who compromises this setup - even total compromise such that they can execute code as the app server and thus ask the vault to sign whatever they want - can't exfiltrate the private key and will lose the ability to use it as soon as their access is cut off.","This text makes a normative claim that the design property of using a private key known only to the vault, and verifying the signature using the public key, leads to better security outcomes because it prevents an attacker from exfiltrating the private key and limits their access to the system. The text argues that this design choice is the reason why the system becomes more secure.","The core argument is that the DB can verify the signature using the public key without needing access to the vault, which prevents an attacker from exfiltrating the private key. This is a trust problem, as the DB is not trusting the vault without verifying the signature. This maps to the principle of Minimum Trust and Maximum Trustworthiness, as it argues that trusting without verification is the problem."
Correct,84,0,Simplicity,Claim,"Yes, you could replace PKCE with a signature-based proof-of-possession scheme, but this would only lead to more complexity and a bigger risk of errors in the protocol design.","The text argues that replacing PKCE with a signature-based proof-of-possession scheme would lead to more complexity, which in turn increases the risk of errors in the protocol design. This implies that simplicity (a design property) is a desirable trait for security reasons, as it reduces the likelihood of errors and potential vulnerabilities.","The argument is about the internal complexity of the mechanism, stating that replacing PKCE with a signature-based proof-of-possession scheme would lead to more complexity and a bigger risk of errors in the protocol design. This suggests that the complexity of the mechanism itself is the concern, rather than whether the mechanism relies on secrecy."
Correct (borderline),100,14,Minimum Trust and Maximum Trustworthiness,Claim,"So, to answer your question for the specific context of fingerprint authentication in software, Bob doesn't need to trust that X is a physical representation of Alice's fingerprint, because Alice's fingerprint reader never sends fingerprint data to Bob (or anywhere else).",This text describes a design property (not sending fingerprint data to Bob or anywhere else) and implies that it leads to better security outcomes (Bob doesn't need to trust that X is a physical representation of Alice's fingerprint). The text makes a normative claim that this design property (isolation/compartmentalisation) improves security.,"The core argument is that Bob doesn't need to trust that X is a physical representation of Alice's fingerprint because the fingerprint reader never sends fingerprint data to Bob. This implies that the trust assumption about the component (the fingerprint reader) is removed, and instead, the system is designed to minimize trust by not relying on the component's behavior. This maps to the principle of Minimum Trust and Maximum Trustworthiness."
Error,132,4,Minimum Exposure,Claim,"It is cheaper even if 90% of the security holes fixed don't affect your software at all: It's the remaining 10% that will, sooner or later, escape your security analysis and give an attacker a stepping stone to enter your system.","This text makes a normative claim that fixing all security holes, even if most of them don't affect the software, is important because the remaining ones can still be exploited by attackers. This implies that a design property of thoroughness or completeness in security analysis and remediation is essential for preventing security breaches.","The unit of analysis in this text is the remaining 10% of security holes that can be exploited by an attacker to enter the system. This maps to Minimum Exposure because the text is arguing that reducing the external attack surface (the 10% of security holes) prevents attacks. It does not fit Compartmentalisation because it's not about isolating groups of resources, and it doesn't fit Least Privilege because it's not about restricting an individual subject's permissions."
Correct,165,15,Minimum Exposure,Claim,"From a security perspective, sanitizing the sub claim (i.e., removing or replacing control characters) is the most robust approach because it ensures control characters do not enter the system in the first place.","This text makes a normative claim that sanitizing sub claims (removing or replacing control characters) is the most robust approach because it ensures control characters do not enter the system in the first place, which implies that this design property (input sanitization) leads to better security outcomes by preventing potential security threats.","The unit of analysis in this text is the external attack surface, as it discusses preventing control characters from entering the system in the first place. This maps to Minimum Exposure, as it reduces the external attack surface by removing or replacing control characters. It does not fit Compartmentalisation, as it's not about isolating groups of resources, nor Least Privilege, as it's not about restricting an individual subject's permissions."
Error,174,5,Generating Secrets,Claim,"It is connected because the amount of entropy in the sentence establishes a lower bound on the attack space size (i.e., the number of possibilities) and thus security level.","This text makes a normative claim that a specific design property (high entropy in the sentence) causes a better security outcome (a lower bound on the attack space size, thus a higher security level). The text argues that the design choice of using high-entropy sentences leads to a more secure system.","The text explicitly connects the amount of entropy in the sentence to the attack space size and thus the security level, demonstrating a clear link between the quality of secret generation and a security outcome. This argument focuses on the generation of secrets, specifically the entropy of the sentence, and its impact on security."
Correct,206,19,Minimum Exposure,Claim,This improves privacy (the server can't tell where else you have accounts) and greatly limits the harm if some public key were to be cracked.,This text makes a normative claim that a specific design property (limiting the information available to the server) improves security outcomes (privacy and limiting harm in case of a public key being cracked). The text argues that this design choice is the reason for the improved security.,"The unit of analysis in this text is the external attack surface, as it mentions ""limits the harm if some public key were to be cracked"", which implies that the focus is on reducing the impact of a potential breach from the outside. This maps to Minimum Exposure, as it is concerned with reducing the attack surface and limiting the potential damage from an external attack. It does not fit Compartmentalisation, as there is no mention of isolating groups of resources, and it does not fit Least Privilege, as there is no mention of restricting an individual subject's permissions."
Correct,209,1,Compartmentalisation,Claim,"What is essential is that if a key is compromissed, only the lock it secures can be opened.",This text implies that the design property of compartmentalisation (limiting the impact of a compromised key to only the specific lock it secures) is the reason for better security outcomes. The text makes a normative claim that this design property is essential for security.,"The unit of analysis in this text is a single key and the lock it secures, which is a group of related resources. The text argues that if the key is compromised, only the lock it secures can be opened, which means that the impact of the compromise is contained within that group. This maps to Compartmentalisation because it is isolating a group of resources to contain the breach. It does not fit Minimum Exposure because it is not reducing the external attack surface, and it does not fit Least Privilege because it is not restricting an individual subject's permissions."
Correct,212,12,Least Privilege,Claim,"If the user can't modify installed software or change system settings, this reduces the harm they can do.","This text makes a normative claim that limiting user capabilities (a design property) leads to better security outcomes by reducing the harm that can be done. The argument is that by restricting user access, the potential damage is minimized, which is a classic example of the principle of Least Privilege.","The unit of analysis in this text is an individual subject (the user), and the focus is on restricting their permissions to reduce the harm they can do. This maps to Least Privilege because it's about limiting the user's abilities, not isolating groups of resources (Compartmentalisation) or reducing the external attack surface (Minimum Exposure)."
Correct,212,16,Minimum Exposure,Claim,"This is often a good idea to combine with other approaches; most users don't actually need privileged access on a public computer, and it provides defense in depth by limiting the available attack surface for bypassing the other control(s).","This text makes a normative claim that combining approaches and limiting privileged access on a public computer provides ""defense in depth"" and reduces the ""available attack surface"", implying that this design property (limiting access) leads to better security outcomes. The text argues that this design choice is beneficial for security because it reduces the potential for attacks.","The unit of analysis in this text is the ""available attack surface"", which refers to the external interfaces and opportunities for an adversary to interact with the system. This maps to Minimum Exposure because the text argues that limiting the attack surface provides defense in depth. It does not fit Compartmentalisation because it's not about isolating groups of resources, and it doesn't fit Least Privilege because it's not about restricting an individual subject's permissions."
Error,214,3,Minimum Exposure,Claim,Limiting what the machine can do makes it possible to lock it down in ways that a machine for general-purpose use couldn't.,"This text makes a normative claim that limiting the capabilities of a machine (a design property) leads to better security outcomes, as it allows for more effective lockdowns. The text argues that this design choice is the reason for improved security.","The unit of analysis in this text is an individual machine, and the focus is on limiting its capabilities to reduce its attack surface. This maps to Minimum Exposure, as the goal is to reduce what an adversary can interact with from the outside. It does not fit Compartmentalisation, as there is no mention of isolating groups of resources, and it does not fit Least Privilege, as the focus is not on restricting the permissions of a specific subject."
Error,214,4,Least Privilege,Claim,"If you can tell me exactly what you want the machine to be able to do, I can configure it so that it does that and only that.","This text implies a normative claim that a specific design property, namely ""least privilege"" or ""minimum exposure"", leads to better security outcomes. The statement suggests that by configuring the machine to do only what is intended, security is improved. This is a design-level argument that connects a specific design property to a security outcome.","The unit of analysis in this text is an individual subject (the machine), and the focus is on restricting its permissions to only what is necessary. This maps to Least Privilege because it's about limiting the machine's capabilities to the minimum required, rather than isolating groups of resources (Compartmentalisation) or reducing the external attack surface (Minimum Exposure)."
Correct,224,4,Minimum Exposure,Claim,"This is optimal in terms of confidentiality and integrity, because there's no way to change the pins except by updating the entire app.","The text argues that the design property of immutability (i.e., the pins can only be changed by updating the entire app) leads to better security outcomes in terms of confidentiality and integrity. This is a normative claim that a specific design property (immutability) causes better security outcomes.","The unit of analysis in this text is the external interface of the app, specifically the pins that can be changed. This maps to Minimum Exposure because the text argues that the design reduces the external attack surface by limiting the way the pins can be changed. It does not fit Compartmentalisation because it's not about isolating groups of resources, and it doesn't fit Least Privilege because it's not about restricting an individual subject's permissions."
Error,239,9,Minimum Trust and Maximum Trustworthiness,Claim,"I think probably the general advice is designed such that protocols should give away nothing at all about the content of the password, no matter how little practical help that information really would be to the attacker.","This text makes a normative claim that protocols should be designed to give away no information about the password content, implying that this design property (information hiding or secrecy) leads to better security outcomes. The argument is that even if the information seems practically useless to the attacker, it's still better to keep it secret.","The core argument is that protocols should not provide any information about the content of the password, implying that trusting the protocol without verifying its behavior is the problem. This maps to the principle of Minimum Trust, as it highlights the risk of assuming the protocol behaves correctly without checking."
Borderline (normative),248,4,Compartmentalisation,Claim,"In fact, since you're storing the key right next to the ciphertext, you might as well store the plaintext.","This text is making a normative claim that storing the key next to the ciphertext is insecure because it defeats the purpose of encryption. The argument is that if the key is easily accessible, it's as good as storing the plaintext, implying that separation or isolation of the key is a necessary design property for secure encryption.","The unit of analysis in this text is the storage of sensitive data (key and ciphertext) together, which implies a concern about the proximity of related resources. This maps to Compartmentalisation because it's arguing that storing the key next to the ciphertext is a bad idea, implying that these resources should be isolated from each other to prevent a breach from spreading. This doesn't fit Minimum Exposure, which would focus on reducing the external attack surface, nor Least Privilege, which would restrict an individual subject's permissions."
Correct,264,8,Minimum Trust and Maximum Trustworthiness,Claim,"Obviously, if you don't want the server to be able to re-derive the KEK (or otherwise access the PvK), then the server can never see the password.","This text implies that the design property of keeping the server from seeing the password (i.e., minimizing exposure) is the reason for better security outcomes, specifically preventing the server from re-deriving the KEK or accessing the PvK. The text makes a normative claim that this design choice leads to improved security.","The core argument is that if the server is not trusted with the password, it should never see it, implying that trusting the server without verification is the problem. This maps to the principle of Minimum Trust, as it highlights the risk of assuming the server will behave correctly without checking its behavior."
Error (borderline normative),264,15,Compartmentalisation,Claim,"A password-derived key should not be used to encrypt data directly, otherwise in order to change a password you have to re-encrypt everything.",This text argues that a specific design choice (not using a password-derived key to encrypt data directly) leads to better security outcomes (easier password changes without re-encrypting everything). This is a normative claim that a particular design property (separation of password-derived keys from encryption) improves security.,"The unit of analysis in this text is a specific encryption key and the data it encrypts, which can be considered a group of related resources. The text argues that separating the password-derived key from the data encryption process prevents a ripple effect when the password is changed. This maps to Compartmentalisation, as it isolates a group of resources (the key and the data) to contain the impact of a change. It does not fit Minimum Exposure, as it's not about reducing the external attack surface, nor Least Privilege, as it's not about restricting an individual subject's permissions."
Correct,264,34,Minimum Trust and Maximum Trustworthiness,Claim,"Ideally, the library should avoid you even touching the primitives at all, though; you want a library that takes as few inputs from you as possible, to avoid the risk that you generated or handled something insecurely.","This text makes a normative claim that a specific design property (minimizing user input) leads to better security outcomes (reducing the risk of insecure handling). The argument is that by limiting the inputs from the user, the library reduces the attack surface and the likelihood of user-generated insecurity.","The core argument is that the library should minimize the inputs from the user to avoid the risk of insecure handling, which implies that trusting the user's inputs without verification is the problem. This maps to the principle of Minimum Trust, as it emphasizes the importance of verifying the trustworthiness of the components rather than assuming their correctness."
Borderline (normative),271,2,Usability,Claim,"Using a random username as an additional secret makes little sense, because this forces the user to effectively manage two secrets while providing no benefit over a single strong password.","This text argues that using a random username as an additional secret does not improve security because it increases the user's burden without providing any benefits. This is a normative claim that a specific design property (simplicity, in this case, by using a single strong password) leads to better security outcomes.","The text argues that using a random username as an additional secret is impractical because it forces the user to manage two secrets, which affects the usability of the security mechanism. This connects human factors (ease of use) to security outcomes, as the mechanism's complexity may lead to incorrect use or circumvention."
Correct,273,8,Usability,Claim,"Acording to AviD's Rule of Usability:



""Security at the expense of usability, comes at the expense of security.""","This text presents a normative claim that usability is essential for security, implying that a design property of usability leads to better security outcomes. The statement argues that if security measures compromise usability, they will ultimately compromise security itself.","This text explicitly states that security mechanisms that compromise usability will ultimately compromise security, implying that if a mechanism is not usable, it will not be used correctly, leading to security vulnerabilities. The quote focuses on the human factor of usability and its impact on security outcomes."
Correct,282,1,Usability,Evidence,Security at the expense of usability comes at the expense of security. (Credit: Avid ?ÂÂ?Â??????,"This text makes a normative claim that prioritizing usability is essential for achieving better security outcomes. The argument is that if security measures are too cumbersome, they will be circumvented or ignored, ultimately compromising security. This is a design-level argument that connects the design property of usability to a security outcome.","The text explicitly states that prioritizing security over usability ultimately compromises security, implying that if a security mechanism is not usable, it will not be used correctly or at all, leading to security vulnerabilities. This argument connects human factors and ease of use to security outcomes."
Error,286,19,Minimum Exposure,Claim,"==========
UPDATE: If it would be possible to choose a variant C, I would do so, namely the following:
Reverse Proxy@DMZ -> API Gateway@DMZ -> App@Internal -> (Data Access Service@Internal) -> DB@Internal
Basically, API gateways are simple applications with few dependencies, and thus offering a much smaller attack surface that the main app.","The text describes a specific architecture and mentions that API gateways have a smaller attack surface due to their simplicity and few dependencies. This implies that the simplicity of the API gateway is the reason for the reduced attack surface, which is a normative claim about a design property (simplicity) leading to a security outcome (reduced attack surface).","The unit of analysis in this text is the external attack surface, as it mentions ""offering a much smaller attack surface"" by using an API gateway. This maps to Minimum Exposure, as the goal is to reduce the external attack surface presented to adversaries. It does not fit Compartmentalisation, as there is no mention of isolating groups of resources, and it does not fit Least Privilege, as there is no mention of restricting an individual subject's permissions."
Correct,318,8,NONE,Claim,"And deriving keys from each other with no additional input is the absolute last thing you want, because if any key in the chain is compromised, then so are all subsequent keys.","This text makes a normative claim that deriving keys from each other with no additional input is a bad design choice because it leads to a cascade of compromised keys. The argument is that this design property (key derivation without additional input) causes a security outcome (compromised keys). The text is not simply describing how key derivation works or providing procedural advice, but rather arguing that a specific design choice has a negative impact on security.","This text does not directly argue that the quality of secret generation (randomness, entropy, unpredictability) is the security benefit. Instead, it focuses on the consequences of compromising a key in a key derivation chain, which is more related to key management and access control."
Correct,318,9,Generating Secrets,Claim,You want the exact opposite: Each installation of the software should have a purely random key which is independent from all other versions and all other installations.,"This text makes a normative claim that having a purely random key for each installation, independent from all other versions and installations, is desirable for security reasons. The phrase ""You want the exact opposite"" implies that this design choice is preferred because it leads to better security outcomes. The text argues that this design property (independence and randomness of keys) improves security.","The text emphasizes the importance of each installation having a ""purely random key"" that is independent from all other versions and installations, implying that the quality of secret generation (randomness, entropy, unpredictability) is crucial for security. The text connects the generation of a high-quality secret to the security outcome of ensuring that each installation has a unique and unpredictable key."
Correct,330,18,Minimum Trust and Maximum Trustworthiness,Claim,From my understanding a way to prevent this specific attack would be that the AI does not act on its own output or at least considers its own output similar untrusted as the users input.,"This text suggests that the AI should not fully trust its own output, treating it similarly to untrusted user input, as a way to prevent a specific attack. This implies that the design property of not fully trusting one's own output (or minimizing trust in internal components) leads to better security outcomes. This is a normative claim that a specific design property (minimum trust) improves security.","The core argument is that the AI should not blindly trust its own output, but rather treat it as untrusted input, similar to user input. This implies that trusting without verification is the problem, as the AI should not assume its own output is correct without checking. This maps to the principle of Minimum Trust and Maximum Trustworthiness."
Borderline (principle),332,10,Minimum Trust and Maximum Trustworthiness,Claim,"refuse to deal with ill-formed inputs): that is input validation, and it is a required practice for security.","This text makes a normative claim that input validation is a required practice for security, implying that it leads to better security outcomes. The phrase ""refuse to deal with ill-formed inputs"" suggests a design property of robustness against malformed input, which is argued to be essential for security.","The core argument is that refusing to deal with ill-formed inputs is a required practice for security, implying that trusting inputs without validation is the problem. This maps to the principle that trusting without verification is the vulnerability, which is the definition of Minimum Trust and Maximum Trustworthiness."
Correct,338,0,Compartmentalisation,Claim,It seems an obvious security measure to ensure that the camera and microphone of any electronic device can only be activated by powering these input sensors with the same hardware signals that light their status indicators.,"This text makes a normative claim that a specific design property (activating camera and microphone with the same hardware signals that light their status indicators) improves security outcomes. The argument is that this design choice reduces the risk of unauthorized access to the input sensors, making the system more secure.","The unit of analysis in this text is the individual components of an electronic device (camera, microphone, and status indicators). The text argues that these components should be isolated from each other in terms of their activation signals, which maps to the principle of Compartmentalisation. This does not fit with Minimum Exposure, as the focus is not on reducing the external attack surface, but rather on isolating internal components. Similarly, it does not fit with Least Privilege, as the restriction is not on the permissions of a specific subject, but rather on the interaction between device components."
Correct,340,1,Minimum Exposure,Claim,"If users can choose an arbitrary name (like on this site), then the login feature won't have to deal with any e-mail addresses in the first place and therefore cannot leak them.","This text makes a normative claim that a specific design property (not handling email addresses) leads to better security outcomes (not leaking email addresses). The argument is that by not dealing with email addresses, the login feature is more secure because it cannot leak them.","The unit of analysis in this text is the external surface, specifically the login feature and the email addresses. This maps to Minimum Exposure because the text argues that by not dealing with email addresses, the login feature reduces the external attack surface and prevents the leakage of sensitive information. This does not fit Compartmentalisation because it's not about isolating groups of resources, and it doesn't fit Least Privilege because it's not about restricting an individual subject's permissions."
Correct,348,3,Simplicity,Claim,"In general, the more complicated a system is, the more unsafe it is, which is why I recommend something like a Single-Board Computer.","The text implies that simplicity is a desirable property for security, as it claims that a more complicated system is more unsafe. This is a normative claim that a specific design property (simplicity) causes better security outcomes.","The argument states that a more complicated system is less safe, implying that the complexity of the system's internal mechanisms is the problem. There is no mention of secrecy or reliance on hidden mechanisms."
Correct,371,6,Compartmentalisation,Claim,"For best security and in order to avoid your accounts on other sites being accessed, always use different passwords for every account - this way, even if one of them does get breached, the problem is contained to one site, and you don't have to stress over other accounts possibly being accessed.",This text makes a normative claim that using different passwords for every account (a design property of compartmentalisation) leads to better security outcomes by containing the problem to one site in case of a breach. The argument is that this design choice reduces the attack surface and limits the damage in case of a security incident.,"The unit of analysis in this text is a group of resources, specifically the accounts on different sites. The text argues that using different passwords for each account contains the problem of a breach to one site, which means it is isolating groups of resources to limit the impact of a compromise. This maps to Compartmentalisation because it is about isolating groups, not about reducing the external attack surface (Minimum Exposure) or restricting an individual subject's permissions (Least Privilege)."
Error,372,44,Minimum Exposure,Claim,"When the account contents are inaccessible even for the company, and revealing that would actually unlock the data for the attacker if they were still inside.","This text implies that the design property of ""inaccessibility of account contents even for the company"" leads to better security outcomes because it prevents an attacker from unlocking the data. This is a normative claim that a specific design property (inaccessibility) causes better security outcomes.","The unit of analysis in this text is the external surface, as it discusses what an attacker can access from outside. This maps to Minimum Exposure because the text argues that revealing certain information would unlock the data for the attacker, implying that the goal is to reduce the external attack surface. This does not fit Compartmentalisation, which would involve isolating groups of resources, or Least Privilege, which would restrict an individual subject's permissions."
Correct,374,6,Minimum Trust and Maximum Trustworthiness,Claim,"It obviates key rotation (replacing any use of long-lived keys for automated processes), and supports systems staying reliable and secure regardless of eventual staff turnover/mobility (as systems do not rely on credentials that are associated with or may have previously been revealed to former developers/engineers/administrators).","This text makes a normative claim that the design property of not relying on long-lived keys and credentials associated with individuals leads to better security outcomes, specifically reliability and security in the face of staff turnover or mobility. The argument is that this design choice reduces the risk of compromised credentials and ensures systems remain secure even when personnel change.","The core argument is that the system should not rely on credentials associated with or revealed to former developers/engineers/administrators, implying that trust should not be placed in these individuals or their credentials without verification. This maps to the principle that trusting without verification is the problem, which is the core idea behind Minimum Trust and Maximum Trustworthiness."
Correct,374,7,Least Privilege,Claim,"This makes it straightforward to audit and ensure each automated process runs with the least necessary privileges (as the infracode explicitly declares the context from which the privileges can be assumed, unlike a developer's app key that could have gotten passed or hard coded into any number of components in the system).","This text makes a normative claim that explicitly declaring privileges in the infracode leads to better security outcomes because it ensures each automated process runs with the least necessary privileges. This is a design-level argument that connects the design property of least privilege to a security outcome, which is the reduction of privileges and the ability to audit.","The unit of analysis in this text is an individual automated process, and the focus is on restricting its permissions to the minimum necessary. This maps to Least Privilege because it is concerned with limiting the privileges of a specific subject (the automated process) to prevent amplification of damage in case of compromise. It does not fit Compartmentalisation because it is not about isolating groups of resources, nor Minimum Exposure because it is not about reducing the external attack surface."
Correct,374,9,Least Privilege,Claim,"This helps protect against permissions being accessed outside of their intended scope, even if the original (partially trusted) process previously tried to leak or export its secret credentials to a potential impersonator.","This text makes a normative claim that limiting the scope of permissions helps protect against unauthorized access, which is a design property related to the principle of Least Privilege. The text argues that this design choice improves security outcomes by preventing the leakage of secret credentials.","The unit of analysis in this text is an individual subject (the partially trusted process) and its permissions. This maps to Least Privilege because the text is concerned with restricting the permissions of this subject to prevent unauthorized access. It does not fit Compartmentalisation because it's not about isolating groups of resources, and it doesn't fit Minimum Exposure because it's not about reducing the external attack surface."
Error,394,1,Minimum Trust and Maximum Trustworthiness,Claim,"In your setup, this is the only way to make sure that the request has in fact been made by the legitimate user (and not an attacker who has, for example, compromised a session).","This text implies that a specific design property (authenticating the user) is necessary to prevent a specific security threat (session compromise by an attacker). The text argues that this design choice is essential to ensure the request comes from the legitimate user, making a normative claim about the importance of authentication in preventing unauthorized access.","The core argument is that without verification, there is a trust assumption that the request comes from a legitimate user, which can be exploited by an attacker. This maps to the principle that trusting without verification is the problem, which is a trust assumption."
Correct,399,1,Simplicity,Claim,"Unnecessary complexity is the enemy of security, i.e.","This text makes a normative claim that simplicity (the absence of unnecessary complexity) is a design property that leads to better security outcomes. The phrase ""is the enemy of security"" implies a causal relationship between complexity and security risks.","The argument states that ""unnecessary complexity is the enemy of security"", which implies that complexity is a problem that can lead to security failures. This suggests that the argument is about the internal complexity of the mechanism, rather than whether the mechanism relies on secrecy."
Correct,401,8,Compartmentalisation,Claim,"In terms of security architecture, a longer path length has no advantage for the security of the device itself, but it has an advantage for the security of the network as a whole, because it allows delegation and compartmentalisation.","This text makes a normative claim that a specific design property (longer path length) leads to better security outcomes (delegation and compartmentalisation) for the network as a whole. The argument is that this design property causes better security outcomes, which is a classic characteristic of design principle reasoning.","The unit of analysis in this text is a group of resources, specifically the network as a whole, which is being protected through delegation and compartmentalisation. This maps to Compartmentalisation because it is isolating groups of resources to contain a potential breach. It does not fit Minimum Exposure because it is not reducing the external attack surface, and it does not fit Least Privilege because it is not restricting an individual subject's permissions."
Correct,403,1,Minimum Trust and Maximum Trustworthiness,Claim,"Modifying the client-side version of the site has no meaningful security impact; a secure site doesn't trust the client, and thus any site where a modification of the client-side code could bypass a security control is already, inherently, insecure.","This text makes a normative claim that a secure site should not trust the client, implying that a design property of not trusting the client (i.e., minimum trust) leads to better security outcomes. The argument is that if a site can be compromised by modifying client-side code, it is already insecure, which suggests that a secure design should not rely on client-side security controls.","The core argument is that trusting the client-side code without verification is the problem, as it can bypass security controls. This implies that the site should not assume the client-side code behaves correctly, and instead, should verify its behavior. This maps to the principle of Minimum Trust, which emphasizes minimizing trust in components and maximizing trustworthiness through verification."
Correct,404,0,Least Privilege,Claim,"In general, you want to return only as much information as necessary (principle of least privilege).","This text makes a normative claim that following the principle of least privilege (i.e., returning only as much information as necessary) leads to better security outcomes. The phrase ""you want to"" implies a recommendation based on a security rationale, and the reference to the principle of least privilege explicitly connects the design property to a security outcome.","The unit of analysis in this text is an individual subject, as it mentions ""return only as much information as necessary"" which implies limiting what a single entity can access or receive. This maps to the principle of Least Privilege, as it restricts the permissions of a specific subject to the minimum necessary. It does not fit Compartmentalisation, as it does not involve isolating groups of resources, nor Minimum Exposure, as it does not reduce the external attack surface."
Correct,406,13,Least Privilege,Claim,People should only have as many rights (privileges) as are required by their duties (see above).,"This text makes a normative claim that limiting privileges to only what is required for duties leads to better security outcomes. The phrase ""as are required by their duties"" implies that unnecessary privileges can lead to security risks, and therefore, minimizing privileges is a design choice that improves security.","The unit of analysis in this text is an individual subject, as it talks about ""people"" and their ""rights"" and ""duties"". This maps to Least Privilege because it is restricting the permissions of a specific subject to the minimum necessary. It does not fit Compartmentalisation because it is not isolating groups of resources, and it does not fit Minimum Exposure because it is not reducing the external attack surface."
Correct,406,15,Least Privilege,Claim,"Best practice states that those elevated rights to install software should be in a separate, non-everyday-user account to protect against account compromise.","This text makes a normative claim that separating elevated rights to install software into a non-everyday-user account improves security outcomes by protecting against account compromise. The argument is based on the design principle of compartmentalisation, which is a specific design property that leads to better security outcomes.","The unit of analysis in this text is an individual subject's account, specifically the elevated rights to install software. This maps to Least Privilege because the text argues for restricting the permissions of a specific subject (the everyday user account) to prevent account compromise. It does not fit Compartmentalisation because it's not about isolating groups of resources, and it doesn't fit Minimum Exposure because it's not about reducing the external attack surface."
Correct,407,1,Least Privilege,Evidence,This is normal; low-privilege service accounts are a standard way of enforcing the principle of least privilege on single-purpose and heavily-targeted software such as web and DB servers.,"This text makes a normative claim that using low-privilege service accounts is a way to enforce the principle of least privilege, which implies that this design choice leads to better security outcomes. The text argues that this design property (least privilege) is the reason for improved security.","The unit of analysis in this text is an individual subject, specifically a low-privilege service account. This maps to the principle of Least Privilege because it is restricting the permissions of a specific subject to the minimum necessary. It does not fit Compartmentalisation because it is not isolating groups of resources, and it does not fit Minimum Exposure because it is not reducing the external attack surface."
Correct,408,19,Compartmentalisation,Evidence,"If possible, isolate the server from long-term secrets, such as TLS private keys and other sensitive data; it's generally impractical to avoid the server having some such access, but you can limit the blast radius.","This text makes a normative claim that isolating the server from long-term secrets improves security outcomes by limiting the ""blast radius"" in case of a breach. The phrase ""limit the blast radius"" implies that the design property of isolation leads to a better security outcome, which is a normative design argument.","The unit of analysis in this text is a group of resources, specifically the server and the long-term secrets. The text argues that isolating these resources from each other limits the ""blast radius"" in case of a breach, which maps to Compartmentalisation. This does not fit Minimum Exposure, as the focus is not on reducing the external attack surface, but rather on containing the damage within the system. It also does not fit Least Privilege, as the text is not restricting the permissions of a specific individual subject, but rather isolating a group of resources."
Correct,408,20,Least Privilege,Evidence,"Functionality that can be encapsulated outside of the main server process - such as logging - would ideally be run in its own sandbox with extremely limited access (adhering to the principle of least privilege) such that even if there's a vulnerability in some component, it can't damage or expose anything out of its direct area of responsibility.",This text makes a normative claim that running functionality in its own sandbox with limited access (adhering to the principle of least privilege) leads to better security outcomes because it limits the potential damage in case of a vulnerability. The text argues that this design property (compartmentalisation and least privilege) is the reason why the system becomes more secure.,"The unit of analysis in this text is an individual component or process (logging) that is being isolated and restricted to its direct area of responsibility. This maps to the principle of Least Privilege because it is restricting the permissions of a specific subject (the logging component) to the minimum necessary. It does not fit Compartmentalisation because it is not isolating groups of resources, but rather a single component. It also does not fit Minimum Exposure because it is not reducing the external attack surface, but rather limiting the internal access of a component."
Borderline (normative),409,8,Least Privilege,Claim,"If deployment and other processes like refreshing certificates are automated, why would many developers need access to PROD?","This text implies that automating deployment and certificate refreshing processes reduces the need for many developers to have access to production (PROD) environments, which in turn reduces the attack surface. This is a normative claim that the design property of minimizing access (Least Privilege principle) leads to better security outcomes.","The unit of analysis in this text is an individual subject (developers) and their permissions. The text argues that if certain processes are automated, many developers do not need access to PROD, which implies that their permissions should be restricted. This maps to Least Privilege because it is about limiting the permissions of individual subjects (developers) to the minimum necessary. It does not fit Compartmentalisation because it is not about isolating groups of resources, and it does not fit Minimum Exposure because it is not about reducing the external attack surface."
Correct,409,16,Least Privilege,Claim,"And even some tasks are closely related to particular persons, it does not mean they should obtain more permissions.","This text implies that granting more permissions to individuals based on their association with specific tasks is not necessary, which suggests a normative claim related to the principle of Least Privilege. The text argues that limiting permissions is a better design choice for security outcomes.","The unit of analysis in this text is an individual subject (a person), and the argument is that they should not obtain more permissions. This maps to Least Privilege because it is restricting the permissions of a specific subject to the minimum necessary. It does not fit Compartmentalisation because it is not isolating groups of resources, and it does not fit Minimum Exposure because it is not reducing the external attack surface."
Correct,409,18,Least Privilege,Claim,"This is done by assigning different tasks to different people, so that no one person has control over the entire process.",This text describes a design property (separation of tasks among individuals) and implies that it leads to better security outcomes (no one person has control over the entire process). The text makes a normative claim that this design property improves security by reducing the risk of a single person having too much control.,"The unit of analysis in this text is an individual person, and the text argues that by assigning different tasks to different people, no one person has control over the entire process. This maps to Least Privilege because it restricts the permissions of an individual subject (in this case, a person) to the minimum necessary. It does not fit Compartmentalisation because it's not about isolating groups of resources, and it doesn't fit Minimum Exposure because it's not about reducing the external attack surface."
Borderline (principle),409,20,Least Privilege,Claim,"Important is that no one has too much power, even if it has price that some tasks take a bit more time.","This text implies that limiting power or authority is important for security, and that this limitation is worth the potential cost of increased time for task completion. This suggests a normative claim that a design property (in this case, limiting power or authority) leads to better security outcomes.","The unit of analysis in this text is an individual subject, as it mentions ""no one"" having too much power. This maps to Least Privilege, as it is concerned with restricting the permissions of a specific subject to prevent excessive power. It does not fit Compartmentalisation, as it does not mention isolating groups of resources, nor Minimum Exposure, as it does not discuss reducing the external attack surface."
Correct,411,4,Least Privilege,Claim,"On a secure computer, your process would be granted access only to the information and resources needed to complete the task at hand.","This text describes a design property, namely the principle of least privilege, where a process is granted access only to the necessary information and resources. The text implies that this design choice leads to better security outcomes, as it is mentioned in the context of a ""secure computer"". The text makes a normative claim that this design property contributes to security.","The unit of analysis in this text is an individual subject (the process) and its allowed operations. This maps to Least Privilege because the text is restricting the permissions of the process to only what is necessary to complete the task. It does not fit Compartmentalisation because it's not isolating groups of resources, and it doesn't fit Minimum Exposure because it's not reducing the external attack surface."
Correct,412,8,Least Privilege,Claim,"The principle at play here is to allow a human to do the work they need to do (especially in an emergency), but not to allow the human to do more than that.","This text makes a normative claim that limiting the scope of human actions to only what is necessary for their task (i.e., the principle of least privilege) leads to better security outcomes. The phrase ""but not to allow the human to do more than that"" implies that excessive privileges can lead to security risks. This is a design-level argument that connects a specific design property (limited privileges) to a security outcome.","The unit of analysis in this text is an individual subject (a human), and the principle is concerned with restricting their permissions to only what is necessary for their job. This maps to Least Privilege because it is focused on limiting the permissions of a specific subject, rather than isolating groups of resources (Compartmentalisation) or reducing the external attack surface (Minimum Exposure)."
Correct,412,10,Compartmentalisation,Claim,"The point being that just because they somehow got the credentials to log on as the super user on Server1 doesn't immediately give them the ability to do it on Server2 - so they can't accidentally do something to Server2, and nor can a hacker use one point of entry to move ""sideways"" into other areas of the system.","This text describes a design property (separation of access between Server1 and Server2) and argues that it prevents lateral movement and reduces the attack surface, which is a normative claim about the security benefits of this design choice. The text explains why this design property matters for security, making a connection between the design and the security outcome.","The unit of analysis in this text is a group of resources, specifically Server1 and Server2, which are isolated from each other to prevent lateral movement. This maps to Compartmentalisation because the text argues that even if one server is compromised, the other server remains secure. This does not fit with Minimum Exposure, which would focus on reducing the external attack surface, nor with Least Privilege, which would restrict an individual subject's permissions."
Correct,412,13,Least Privilege,Claim,"This is generally called the Principle of Least Privilege, where you give people just enough permissions to do their work, but nothing more than that (and ideally no where near enough to do any damage).","This text presents a normative claim that the Principle of Least Privilege, which is a design property, leads to better security outcomes by limiting the potential damage that can be done. The phrase ""ideally no where near enough to do any damage"" implies that this design principle is intended to prevent or minimize harm.","The unit of analysis in this text is an individual subject's permissions, as it discusses giving people just enough permissions to do their work. This maps to the principle of Least Privilege, as it is concerned with restricting the permissions of a specific subject to the minimum necessary. It does not fit with Compartmentalisation, which isolates groups of resources, or Minimum Exposure, which reduces the external attack surface."
Borderline (principle),413,9,Least Privilege,Claim,"By restricting those roles to different people, you prevent a single person from having the ""super admin"" capability.",This text makes a normative claim that restricting roles to different people improves security by preventing a single person from having excessive privileges. The argument is that this design property (separation of roles) leads to better security outcomes (reduced risk of a single person having too much power).,"The unit of analysis in this text is an individual subject (a person), and the argument is that by restricting roles to different people, you prevent a single person from having excessive permissions. This maps to Least Privilege because it's about restricting an individual's permissions, not isolating groups of resources (Compartmentalisation) or reducing the external attack surface (Minimum Exposure)."
Correct,414,9,Least Privilege,Evidence,"However, root has for more privileges (both in terms of capabilities, and in terms of file system / object access) than most processes need, so it's a violation of the principle of least privilege to run things as root just because they need e.g. raw packet access.","This text makes a normative claim that running processes with least privilege (i.e., not as root) is a design principle that leads to better security outcomes, specifically because it reduces the attack surface by limiting unnecessary privileges. The text argues that following the principle of least privilege is essential to avoid violating this principle.","The unit of analysis in this text is an individual subject (a process running as root), and the argument is that it should not have more privileges than necessary. This maps to the principle of Least Privilege, as it is about restricting the permissions of a specific subject to the minimum necessary. It does not fit Compartmentalisation, as it is not about isolating groups of resources, nor Minimum Exposure, as it is not about reducing the external attack surface."
Correct,414,10,Least Privilege,Claim,"Thus, capabilities create a way to grant much more fine-grained and limited privileges, so fewer processes need to run as root.",This text makes a normative claim that granting fine-grained and limited privileges through capabilities leads to better security outcomes because it reduces the number of processes that need to run as root. This is a design-level argument that connects the design property of least privilege to a security outcome.,"The unit of analysis in this text is an individual subject (processes running as root), and the argument is that granting limited privileges to these subjects reduces the risk. This maps to Least Privilege because it restricts the permissions of individual subjects to the minimum necessary. It does not fit Compartmentalisation because it's not about isolating groups of resources, and it doesn't fit Minimum Exposure because it's not about reducing the external attack surface."
Correct,414,12,Least Privilege,Claim,"a web server could bind to local TCP ports 80 and 443, and then drop the CAP_NET_BIND_SERVICE capability before it starts handling requests so that even if the server is compromised, it doesn't even have that privilege anymore.","This text describes a specific design choice (dropping the CAP_NET_BIND_SERVICE capability) and its potential security benefit (limiting privileges even if the server is compromised). The text implies that this design property (reduced privileges) leads to better security outcomes, as it reduces the potential damage in case of a compromise.","The unit of analysis in this text is an individual subject, specifically the web server process. The text argues that by dropping the CAP_NET_BIND_SERVICE capability, the web server's permissions are restricted, reducing the impact of compromise. This maps to Least Privilege because it restricts the permissions of a specific subject, whereas Compartmentalisation would involve isolating groups of resources, and Minimum Exposure would involve reducing the external attack surface."
Correct,414,13,Least Privilege,Claim,"As for why unprivileged apps aren't allowed to use ICMP, the short answer is that normal apps have no legitimate use for ICMP traffic (which is mostly for error handling, some but not all of which is the sort that causes the OS to report various error codes) so, by principle of least privilege, they can't use it.","This text makes a normative claim that the principle of least privilege leads to better security outcomes by restricting unprivileged apps from using ICMP traffic, as they have no legitimate use for it. The argument is that by limiting the privileges of normal apps, the system becomes more secure.","The unit of analysis in this text is an individual subject (unprivileged apps), and the principle argues that their permissions should be restricted to only what is necessary for their legitimate use. This maps to Least Privilege because it focuses on limiting the permissions of a specific subject to prevent potential misuse. It does not fit Compartmentalisation because it's not about isolating groups of resources, and it doesn't fit Minimum Exposure because it's not about reducing the external attack surface."
Correct,414,15,Least Privilege,Claim,"The expectation is that if a program is using IP, it's probably able to do anything it needs via TCP or UDP, so giving it access to anything else is unnecessary risk.","This text makes a normative claim that limiting a program's access to only what it needs (in this case, TCP or UDP) reduces unnecessary risk, implying that the design property of ""minimum exposure"" or ""least privilege"" leads to better security outcomes.","The unit of analysis in this text is an individual program's permissions, as it discusses what a program is able to do and what access it needs. This maps to Least Privilege, as it is restricting the permissions of a specific subject (the program) to the minimum necessary. It does not fit Compartmentalisation, as it is not isolating groups of resources, and it does not fit Minimum Exposure, as it is not reducing the external attack surface."
Correct,423,8,No Single Point of Failure,Claim,You are protected from the failure of one layer by the strength of another.,"This text implies that the design property of redundancy or layering is the reason for improved security outcomes, as it allows the system to withstand the failure of one layer. The text makes a normative claim that this design property leads to better security.","The core argument is about having multiple mechanisms that provide resilience, as the text states that the strength of one layer protects from the failure of another. This is a clear argument for redundant mechanisms, as it emphasizes the importance of having multiple layers of defense."
Error,423,10,Minimum Trust and Maximum Trustworthiness,Claim,"So, while you might legitimately lower the cost of protection in one layer by weakening it (like making passwords that are easier for you) it means that you are trusting in the strength of all the other layers all the more.","This text implies that increasing the strength of one layer of security can lead to over-reliance on other layers, which may not be as strong. This is a normative claim that argues for a design property (redundancy or layered security) that improves security outcomes. The text is making a design-level argument about the importance of considering the strength of all layers, not just one.","The core argument is that weakening one layer of protection increases the trust assumption in other layers, which is a trust problem. The text highlights the risk of relying on other layers without verifying their strength, which maps to the principle of Minimum Trust and Maximum Trustworthiness."
Correct,429,0,Open Design,Claim,"Leaving aside some of the technical implementation issues (how you're generating the ""random"" characters, how your servers communicate to work out how many they need to strip off each side, etc), this is a direct violation of Kerchoff's Principle, which states that:

A cryptosystem should be secure, even if everything about the system, except the key, is public knowledge.","This text makes a normative claim that a design property (following Kerchoff's Principle) leads to better security outcomes. The text argues that a cryptosystem should be secure even if everything about the system, except the key, is public knowledge, implying that secrecy by design is essential for security.","The argument is about whether the mechanism relies on secrecy, as it states that the system should be secure even if everything about the system, except the key, is public knowledge. This implies that the security of the system should not depend on keeping the mechanism secret."
Error (borderline normative),433,5,Compartmentalisation,Claim,Having the credentials in the same file (Makefile) or in an extra file does not actually help if both files reside together on the same system and are protected by the same access privileges and have the same lifetime.,"This text argues that having credentials in a separate file does not improve security if the files are still stored together with the same access privileges and lifetime. This implies that the design property of separation or compartmentalisation of sensitive data is not effective in this scenario, which is a normative claim about the effectiveness of a specific design choice.","The unit of analysis in this text is a group of resources (the Makefile and the extra file) that are being stored together on the same system with the same access privileges and lifetime. This maps to Compartmentalisation because the text is arguing that having the credentials in the same file or in an extra file does not help if they are still stored together, implying that separating these resources into isolated groups would be more effective in containing a breach. This does not fit with Minimum Exposure, which would focus on reducing the external attack surface, or Least Privilege, which would restrict an individual subject's permissions."
Correct,440,6,Compartmentalisation,Claim,In other words: the only way to be sure that an attacker gets no access to the sensitive data by XSS is to either prevent XSS or to not let the browser work with the sensitive data in the first place.,"This text argues that to prevent an attacker from accessing sensitive data through XSS, one must either prevent XSS or prevent the browser from working with sensitive data in the first place. This implies a normative claim that a design property, specifically isolation or compartmentalisation (not letting the browser work with sensitive data), leads to better security outcomes.","The unit of analysis in this text is the sensitive data, which is being isolated from the browser to prevent access by an attacker. This maps to Compartmentalisation because it's about isolating a group of resources (sensitive data) to contain a potential breach. It doesn't fit Minimum Exposure because the focus is not on reducing the external attack surface, but rather on separating the sensitive data from the browser. It also doesn't fit Least Privilege because the restriction is not on an individual subject's permissions, but rather on the data itself."
Correct,441,4,Minimum Trust and Maximum Trustworthiness,Claim,"Even if the server is supposed to get the data when it generates the CV, it shouldn't be able to obtain the data at any time without confirmation from the user.","This text implies a normative claim that a specific design property (user confirmation) improves security outcomes by limiting the server's access to data. The text argues that the server should not be able to obtain the data without user confirmation, which is a design choice that enhances security.","The core argument is that the server should not be trusted to obtain the data without user confirmation, implying that trusting the server without verification is the problem. This maps to the principle of Minimum Trust, which emphasizes that trust placed in components should be minimized and trustworthiness should be maximized through verification."
Correct,445,6,NONE,Claim,"Since an attacker cannot calculate the HMACs themself (unless they've compromised the key), timing differences don't reveal anything useful about the password hashes.","This text explains how a specific design property (using HMACs) achieves a security outcome (preventing timing attacks). The text argues that the design choice of using HMACs is the reason why timing differences don't reveal useful information about password hashes, which implies that this design property contributes to better security.","The text does not argue that the quality of secret generation (randomness, entropy, unpredictability) is the security benefit. Instead, it focuses on the security outcome of using a secure key and the implications of an attacker not being able to calculate HMACs, which is related to access control and key management."
Correct,450,8,NONE,Claim,"But if the key itself isn't protected, this is pointless.","This text is making a normative claim that protecting the key is necessary for security, implying that the design property of protecting sensitive assets (in this case, the key) is essential for achieving better security outcomes. The text is arguing that without this design property, the security measure is pointless.","This text does not argue that the quality of secret generation is the security benefit. Instead, it focuses on the protection of the key, which is related to access control and key management."
Correct,451,0,Least Privilege,Claim,"I think the idea is that by not giving even you access, it also protects against a situation where you are breached and the attacker is using some sort of automated harvesting tool to scrape data from installed applications.","This text makes a normative claim that not giving access to the user (i.e., implementing the principle of Least Privilege) protects against a specific attack scenario, implying that this design property leads to better security outcomes. The argument is that by limiting access, the attack surface is reduced, making it more difficult for an attacker to harvest data.","The unit of analysis in this text is an individual subject (the user) and the focus is on preventing an attacker from scraping data from installed applications in case of a breach. This maps to Least Privilege because it's about restricting the permissions of a specific subject (the user) to prevent damage in case of compromise. It doesn't fit Compartmentalisation because it's not about isolating groups of resources, and it doesn't fit Minimum Exposure because it's not about reducing the external attack surface."
Correct,451,1,Least Privilege,Claim,If you can't access it as a legitimate user then the attacker can't access it either.,"This text implies that limiting access to a resource is a design property that leads to better security outcomes, as it prevents both legitimate users and attackers from accessing it. The phrase ""if you can't access it as a legitimate user then the attacker can't access it either"" suggests that the design principle of Least Privilege is at play, where access is restricted to only what is necessary.","The unit of analysis in this text is an individual subject (a legitimate user), and the argument is that if the user can't access something, then an attacker can't access it either. This maps to Least Privilege because it's about restricting an individual's permissions. It doesn't fit Compartmentalisation because it's not about isolating groups of resources, and it doesn't fit Minimum Exposure because it's not about reducing the external attack surface."
Error,458,7,Compartmentalisation,Claim,"all the players are in the same voice chat -- then there's not much to be gained from encryption: you use encryption to limit the range of people who have access to some information, and if ""everyone"" is supposed to have access, then there's no need to do it.","This text makes a normative claim that encryption is only necessary when limiting access to information is a goal, implying that in scenarios where everyone is supposed to have access, encryption does not improve security outcomes. This is a design-level argument that connects the design property of encryption to a specific security outcome.","The unit of analysis in this text is a group of people (all the players) who have access to some information. The text argues that if everyone in the group is supposed to have access, then there's no need for encryption. This maps to Compartmentalisation because it's about isolating a group of people (the players) and controlling access to information within that group. It doesn't fit Minimum Exposure because it's not about reducing the external attack surface, and it doesn't fit Least Privilege because it's not about restricting an individual's permissions."
Correct,461,2,Minimum Exposure,Evidence,"Even anonymized statistics that don't reveal the exact accounts are a bad idea, because they allow the attacker to fine-tune their approach (e.g., target a specific password length).","This text makes a normative claim that collecting and sharing anonymized statistics can lead to worse security outcomes because it allows attackers to fine-tune their approach. The argument is that the design property of minimizing exposure of information (in this case, password length) is essential to prevent attackers from refining their attacks. This is a design-level argument that connects a specific design property to a security outcome.","The unit of analysis in this text is the external attack surface, as it discusses the information that an attacker can gather from outside. This maps to Minimum Exposure because the text argues that even anonymized statistics can provide an attacker with valuable information to fine-tune their approach, which increases the attack surface. This does not fit with Compartmentalisation, as it's not about isolating groups of resources, nor with Least Privilege, as it's not about restricting an individual subject's permissions."
Correct,464,40,NONE,Claim,"However, stateful tokens are arguably more secure; secure cryptography is hard, and if the key is compromised an attacker can issue themselves arbitrary stateless tokens that will appear valid.",This text makes a normative claim that stateful tokens are more secure than stateless tokens because they reduce the risk of an attacker issuing arbitrary tokens if the key is compromised. This is a design-level argument that connects a specific design property (statefulness) to a security outcome (reduced risk of token forgery).,"This text does not directly connect the quality of secret generation to a security outcome. Instead, it discusses the security implications of compromising a key, which is related to key management and access control."
Correct,467,1,Simplicity,Claim,"Unnecessary complexity is the enemy of security, i.e.","This text makes a normative claim that simplicity (the absence of unnecessary complexity) is a design property that leads to better security outcomes. The phrase ""is the enemy of security"" implies a causal relationship between complexity and security risks.","The argument states that ""unnecessary complexity is the enemy of security"", which implies that complexity is a problem that can lead to security failures. This suggests that the argument is about the internal complexity of the mechanism, rather than whether the mechanism relies on secrecy."
Correct,484,1,Open Design,Claim,"If it is, then the system which uses the WAF relies on security through obscurity rather than the actual quality of the WAF.","This text implies that relying on security through obscurity is a weaker approach than relying on the actual quality of the WAF, which is a normative claim. The text argues that a design property (relying on the quality of the WAF) leads to better security outcomes.","The argument is about whether the system relies on secrecy (security through obscurity) rather than the actual quality of the WAF, which implies that the security of the system depends on the secrecy of the mechanism. This is not about the internal complexity of the mechanism, but rather about whether the mechanism's effectiveness relies on being unknown."
Correct,484,2,Open Design,Claim,"The only reason for wanting to hide the WAF is that it can be bypassed once its inner workings (rules, heuristics etc.) are known.","This text implies that hiding the WAF's inner workings is a design choice that improves security, as it makes it harder for attackers to bypass the WAF. The text argues that knowing the inner workings of the WAF can lead to bypassing, which implies that keeping them unknown (i.e., hiding the WAF) is a security-enhancing design property.","The argument is about whether the mechanism relies on secrecy, as it states that the WAF can be bypassed once its inner workings are known, implying that the security of the WAF depends on keeping its internal mechanisms secret."
Error,487,2,Minimum Exposure,Claim,"If you don't know the URL yet, then don't show it at all Ã¢ÂÂ for most people, not having a reference is likely preferable over ending up on a site that contains malicious, illegal or just nonsensical data.","This text argues that not showing a URL is preferable to showing a potentially malicious one, implying that minimizing exposure to unknown or untrusted resources improves security. This is a normative claim that a specific design property (minimum exposure) leads to better security outcomes.","The unit of analysis in this text is the external surface, specifically what is visible to users. The text argues that not showing a URL if it's not known reduces the attack surface, as it prevents users from accessing potentially malicious or illegal content. This maps to Minimum Exposure, as it's about reducing what an adversary (or users) can see and interact with from the outside. It doesn't fit Compartmentalisation, as it's not about isolating groups of resources, and it doesn't fit Least Privilege, as it's not about restricting an individual subject's permissions."